{"inputUnits":[34],"outputUnits":4,"inputs":{"0":{"dtype":"number","min":249.7961639939693,"max":652.9989689460739},"1":{"dtype":"number","min":-34.931761981451025,"max":269.8064638253076},"2":{"dtype":"number","min":259.02701825891086,"max":646.0145280328643},"3":{"dtype":"number","min":-40.6629770587527,"max":254.74578678956505},"4":{"dtype":"number","min":243.89408966718824,"max":650.6319268358613},"5":{"dtype":"number","min":-53.48391348855537,"max":251.46557069893697},"6":{"dtype":"number","min":298.2505342509547,"max":644.7885619641279},"7":{"dtype":"number","min":-44.30755734211288,"max":264.88873874002496},"8":{"dtype":"number","min":246.34561817548428,"max":645.9338438394706},"9":{"dtype":"number","min":-44.47277225248995,"max":269.4790119966801},"10":{"dtype":"number","min":348.9905046905458,"max":650.129199409113},"11":{"dtype":"number","min":-26.45057603862086,"max":322.33109769765395},"12":{"dtype":"number","min":206.98823865626522,"max":645.5936977691352},"13":{"dtype":"number","min":-5.443336531432749,"max":324.34977213541663},"14":{"dtype":"number","min":400.93672129610593,"max":646.5421983744898},"15":{"dtype":"number","min":59.31473458719532,"max":409.37942058719386},"16":{"dtype":"number","min":89.23443829571758,"max":641.9977101108484},"17":{"dtype":"number","min":73.18829988178453,"max":461.7657744350024},"18":{"dtype":"number","min":267.7486212955348,"max":647.9542544478329},"19":{"dtype":"number","min":128.99393360517178,"max":436.53931496900884},"20":{"dtype":"number","min":18.865419503076264,"max":644.4585170336866},"21":{"dtype":"number","min":102.17518826906675,"max":552.7971043874878},"22":{"dtype":"number","min":343.3723875049494,"max":653.2087680749726},"23":{"dtype":"number","min":119.33392020926371,"max":496.66547793858695},"24":{"dtype":"number","min":223.90902097229835,"max":647.7492185596369},"25":{"dtype":"number","min":196.36959083363791,"max":552.5714509900782},"26":{"dtype":"number","min":317.8589347556785,"max":647.1062572100009},"27":{"dtype":"number","min":185.2952275266889,"max":558.8796405346072},"28":{"dtype":"number","min":197.84055535091525,"max":646.0220818770559},"29":{"dtype":"number","min":201.04081479197123,"max":551.0873633193225},"30":{"dtype":"number","min":313.70637949447183,"max":647.3911587304307},"31":{"dtype":"number","min":237.301359864471,"max":558.9599089222809},"32":{"dtype":"number","min":208.67612128601667,"max":624.7692014459977},"33":{"dtype":"number","min":276.168523122925,"max":557.1106902897706}},"outputs":{"0":{"dtype":"string","min":0,"max":1,"uniqueValues":["0","1","3","4"],"legend":{"0":[1,0,0,0],"1":[0,1,0,0],"3":[0,0,1,0],"4":[0,0,0,1]}}},"isNormalized":true}