{"inputUnits":[34],"outputUnits":5,"inputs":{"0":{"dtype":"number","min":184.6568307263112,"max":398.94093281111986},"1":{"dtype":"number","min":-21.489904005857476,"max":171.59674155549462},"2":{"dtype":"number","min":194.90216409486172,"max":415.4327859562507},"3":{"dtype":"number","min":-37.16034411454526,"max":167.3809963174266},"4":{"dtype":"number","min":173.7790053815637,"max":396.0807624802022},"5":{"dtype":"number","min":-32.090195326777234,"max":164.3560791015625},"6":{"dtype":"number","min":205.75831006144918,"max":440.6664053041335},"7":{"dtype":"number","min":-10.96018532795749,"max":172.11370278520192},"8":{"dtype":"number","min":153.39069329274793,"max":384.2019858555487},"9":{"dtype":"number","min":-19.51270982768336,"max":168.1270957783184},"10":{"dtype":"number","min":186.02795933654664,"max":424.9085370931941},"11":{"dtype":"number","min":93.95769859150371,"max":207.58475260892573},"12":{"dtype":"number","min":144.78624250921357,"max":418.4344006514224},"13":{"dtype":"number","min":94.4378168355187,"max":201.65920265004416},"14":{"dtype":"number","min":205.09849622700412,"max":437.54861203318217},"15":{"dtype":"number","min":105.06102325855872,"max":294.6318259434393},"16":{"dtype":"number","min":145.0232195342958,"max":338.0668744241517},"17":{"dtype":"number","min":99.09944233141445,"max":276.8063306901422},"18":{"dtype":"number","min":210.35689207080742,"max":482.6430863943713},"19":{"dtype":"number","min":25.37276775516264,"max":445.47525089851365},"20":{"dtype":"number","min":115.07303457278721,"max":379.93597138462474},"21":{"dtype":"number","min":19.140748735989277,"max":417.6544201350816},"22":{"dtype":"number","min":171.2257584540235,"max":405.1150268792641},"23":{"dtype":"number","min":300.29929519861525,"max":409.5235843175103},"24":{"dtype":"number","min":159.43597263760037,"max":393.29294721517874},"25":{"dtype":"number","min":299.7079058046694,"max":410.457372237832},"26":{"dtype":"number","min":164.36300266555875,"max":386.91379539683084},"27":{"dtype":"number","min":391.8515448914169,"max":547.1087247911717},"28":{"dtype":"number","min":188.45504790486416,"max":355.61211242080896},"29":{"dtype":"number","min":328.40722275523876,"max":544.4526746723851},"30":{"dtype":"number","min":164.02836225186175,"max":373.80261575501794},"31":{"dtype":"number","min":496.6355113722892,"max":560.8533250239857},"32":{"dtype":"number","min":167.01124046281066,"max":350.829975804855},"33":{"dtype":"number","min":402.97390943382214,"max":560.7691029033698}},"outputs":{"0":{"dtype":"string","min":0,"max":1,"uniqueValues":["0","1","2","3","4"],"legend":{"0":[1,0,0,0,0],"1":[0,1,0,0,0],"2":[0,0,1,0,0],"3":[0,0,0,1,0],"4":[0,0,0,0,1]}}},"isNormalized":true}