{"inputUnits":[34],"outputUnits":5,"inputs":{"0":{"dtype":"number","min":262.43614687557107,"max":427.4277905321028},"1":{"dtype":"number","min":2.152102583797813,"max":390.933288217288},"2":{"dtype":"number","min":274.1114798205638,"max":440.94509578355337},"3":{"dtype":"number","min":-7.227543464645777,"max":381.1904655887834},"4":{"dtype":"number","min":256.3402020489728,"max":410.4119641041895},"5":{"dtype":"number","min":-9.33055260492813,"max":379.95544217948094},"6":{"dtype":"number","min":291.65857385706016,"max":478.3315116480777},"7":{"dtype":"number","min":-2.9414986355727706,"max":399.28087247510166},"8":{"dtype":"number","min":235.13617294341267,"max":405.23806863825683},"9":{"dtype":"number","min":-2.188403927094754,"max":392.6831030892117},"10":{"dtype":"number","min":321.06556258471153,"max":575.0912234657688},"11":{"dtype":"number","min":54.05519541244061,"max":465.5532093308358},"12":{"dtype":"number","min":190.68404705203764,"max":482.4903786345067},"13":{"dtype":"number","min":78.62835324530946,"max":457.6681530452379},"14":{"dtype":"number","min":305.31691285369453,"max":579.6155736971551},"15":{"dtype":"number","min":90.55194103694566,"max":547.638321369015},"16":{"dtype":"number","min":100.16512805723075,"max":495.1947842425073},"17":{"dtype":"number","min":102.43103384274488,"max":551.1515662358751},"18":{"dtype":"number","min":210.31204788773147,"max":632.2852145486872},"19":{"dtype":"number","min":111.60825614111232,"max":518.3873636866638},"20":{"dtype":"number","min":72.50591315256457,"max":477.5533687301546},"21":{"dtype":"number","min":119.26266913757917,"max":541.0361245733487},"22":{"dtype":"number","min":300.188415036564,"max":562.797863162749},"23":{"dtype":"number","min":301.3830066703216,"max":554.7405532926147},"24":{"dtype":"number","min":183.37408827991746,"max":566.7224567257173},"25":{"dtype":"number","min":300.4540761311849,"max":562.2539108306111},"26":{"dtype":"number","min":300.515045998854,"max":542.6126657824302},"27":{"dtype":"number","min":454.04835602461014,"max":567.457984493025},"28":{"dtype":"number","min":161.33489240679825,"max":529.5249721831977},"29":{"dtype":"number","min":348.41664453696086,"max":560.7782638282106},"30":{"dtype":"number","min":296.14051566021715,"max":537.6443823503936},"31":{"dtype":"number","min":521.7841007463184,"max":563.1230231985943},"32":{"dtype":"number","min":196.32696051346628,"max":513.4468456364979},"33":{"dtype":"number","min":444.24578512388825,"max":565.2342691105476}},"outputs":{"0":{"dtype":"string","min":0,"max":1,"uniqueValues":["0","1","2","3","4"],"legend":{"0":[1,0,0,0,0],"1":[0,1,0,0,0],"2":[0,0,1,0,0],"3":[0,0,0,1,0],"4":[0,0,0,0,1]}}},"isNormalized":true}