{"inputUnits":[34],"outputUnits":3,"inputs":{"0":{"dtype":"number","min":223.45098900748508,"max":464.0562331885622},"1":{"dtype":"number","min":-0.8286926388508249,"max":246.31198816132127},"2":{"dtype":"number","min":238.71481681660137,"max":476.7630494175366},"3":{"dtype":"number","min":-23.702166819433025,"max":232.97080949036},"4":{"dtype":"number","min":205.23372598094085,"max":449.82767086512393},"5":{"dtype":"number","min":-23.51821334273727,"max":233.82989478157742},"6":{"dtype":"number","min":256.53023465102643,"max":512.7450650756122},"7":{"dtype":"number","min":-14.029593960351178,"max":240.86842230188915},"8":{"dtype":"number","min":177.76393897816916,"max":440.50222311335926},"9":{"dtype":"number","min":0.38556249518143204,"max":247.0666825143914},"10":{"dtype":"number","min":272.10199367233184,"max":541.2684582269679},"11":{"dtype":"number","min":59.75172784593369,"max":295.19947907148514},"12":{"dtype":"number","min":174.1964894196211,"max":444.0453435291788},"13":{"dtype":"number","min":80.05746581168665,"max":298.26291327820417},"14":{"dtype":"number","min":237.0520328871223,"max":514.9755859375},"15":{"dtype":"number","min":135.71768063550803,"max":343.71552792673685},"16":{"dtype":"number","min":74.53532138995492,"max":407.582593177959},"17":{"dtype":"number","min":146.613434016356,"max":246.99385198700963},"18":{"dtype":"number","min":109.06553629081384,"max":588.9212030183967},"19":{"dtype":"number","min":40.500040928057985,"max":417.32761792039776},"20":{"dtype":"number","min":23.639637015716374,"max":340.5897590384381},"21":{"dtype":"number","min":38.135341473257796,"max":323.31124259249736},"22":{"dtype":"number","min":277.07990144428453,"max":514.3099065412555},"23":{"dtype":"number","min":331.42187761749204,"max":485.13303938897263},"24":{"dtype":"number","min":180.67384158426324,"max":444.63302285118175},"25":{"dtype":"number","min":283.08739675183506,"max":491.0775727091709},"26":{"dtype":"number","min":246.0798106649001,"max":484.2729326809591},"27":{"dtype":"number","min":483.96388360631397,"max":572.4243199755573},"28":{"dtype":"number","min":169.76449888352064,"max":353.7728376184058},"29":{"dtype":"number","min":386.8975538584688,"max":573.9018871166088},"30":{"dtype":"number","min":233.54519552189936,"max":475.24285597178437},"31":{"dtype":"number","min":532.4091676708317,"max":559.9381349797834},"32":{"dtype":"number","min":173.05313556514983,"max":354.498065256933},"33":{"dtype":"number","min":472.07014712209127,"max":557.6478466606511}},"outputs":{"0":{"dtype":"string","min":0,"max":1,"uniqueValues":["y","c","m"],"legend":{"y":[1,0,0],"c":[0,1,0],"m":[0,0,1]}}},"isNormalized":true}