{"inputUnits":[34],"outputUnits":4,"inputs":{"0":{"dtype":"number","min":270.24151183011236,"max":470.73405066893577},"1":{"dtype":"number","min":251.07301410875823,"max":322.34370270667716},"2":{"dtype":"number","min":286.68190106546206,"max":484.2205542848821},"3":{"dtype":"number","min":229.10763151232027,"max":296.23708297402305},"4":{"dtype":"number","min":254.68858596177128,"max":451.81765372293034},"5":{"dtype":"number","min":236.0372371562043,"max":313.4914839895148},"6":{"dtype":"number","min":314.6084276463321,"max":522.7834378069604},"7":{"dtype":"number","min":232.19661720082541,"max":296.15686665733887},"8":{"dtype":"number","min":241.27368845205325,"max":436.97813885486147},"9":{"dtype":"number","min":249.90538836919774,"max":323.0922382198579},"10":{"dtype":"number","min":366.74543711641843,"max":582.8358593321683},"11":{"dtype":"number","min":298.3598699439571,"max":357.54458109537757},"12":{"dtype":"number","min":235.46194452058967,"max":451.5716237445556},"13":{"dtype":"number","min":299.3588060524031,"max":398.84311532881287},"14":{"dtype":"number","min":385.3649967781052,"max":584.5330661825734},"15":{"dtype":"number","min":274.7431050499512,"max":535.5158624779178},"16":{"dtype":"number","min":162.69842374626887,"max":373.41318528322216},"17":{"dtype":"number","min":268.8799941748903,"max":463.1162801820632},"18":{"dtype":"number","min":393.2035295215034,"max":615.8844434355202},"19":{"dtype":"number","min":180.12528863799037,"max":528.4874316358658},"20":{"dtype":"number","min":95.46847040425499,"max":309.7056820518092},"21":{"dtype":"number","min":160.14996563946758,"max":412.06181100469814},"22":{"dtype":"number","min":355.32206157959456,"max":559.5354652032981},"23":{"dtype":"number","min":447.7014124463176,"max":560.4719680280481},"24":{"dtype":"number","min":243.41254221300863,"max":479.814427321882},"25":{"dtype":"number","min":453.11594526205374,"max":557.0977878384655},"26":{"dtype":"number","min":359.81082235860544,"max":542.5065594946432},"27":{"dtype":"number","min":527.3654680456566,"max":553.4330437197323},"28":{"dtype":"number","min":236.40283328050756,"max":473.4012191802205},"29":{"dtype":"number","min":523.3665136147661,"max":553.466135363365},"30":{"dtype":"number","min":356.4550094158329,"max":538.5867051910935},"31":{"dtype":"number","min":552.6625218679566,"max":561.752424333063},"32":{"dtype":"number","min":234.86477203071698,"max":479.8856840077896},"33":{"dtype":"number","min":552.4224936799463,"max":558.7385909413268}},"outputs":{"0":{"dtype":"string","min":0,"max":1,"uniqueValues":["y","m","c","a"],"legend":{"y":[1,0,0,0],"m":[0,1,0,0],"c":[0,0,1,0],"a":[0,0,0,1]}}},"isNormalized":true}