{"inputUnits":[34],"outputUnits":4,"inputs":{"0":{"dtype":"number","min":225.5814806248477,"max":414.99075430410875},"1":{"dtype":"number","min":-16.198844686586263,"max":157.56705345466122},"2":{"dtype":"number","min":230.46166551972922,"max":428.1463212576526},"3":{"dtype":"number","min":-30.806932356390107,"max":151.76633124695417},"4":{"dtype":"number","min":213.53615863049006,"max":407.05684193393637},"5":{"dtype":"number","min":-31.34080020540174,"max":150.33211691337718},"6":{"dtype":"number","min":236.54764335290264,"max":448.37511743021287},"7":{"dtype":"number","min":-6.148663199203526,"max":160.4951368484348},"8":{"dtype":"number","min":191.69278685809576,"max":399.31196811371143},"9":{"dtype":"number","min":-24.02608503375137,"max":161.4749942653128},"10":{"dtype":"number","min":201.6312369779769,"max":450.03761693050984},"11":{"dtype":"number","min":94.93872421294392,"max":194.12892362062922},"12":{"dtype":"number","min":191.35858844362969,"max":411.30122669956137},"13":{"dtype":"number","min":85.20744457579494,"max":195.683717188547},"14":{"dtype":"number","min":221.26017237732052,"max":456.79488778811447},"15":{"dtype":"number","min":118.99818108095758,"max":325.7739953827439},"16":{"dtype":"number","min":155.80083151774565,"max":348.17032603957267},"17":{"dtype":"number","min":103.93257840102643,"max":272.11099784509014},"18":{"dtype":"number","min":192.5045829906798,"max":498.722986291956},"19":{"dtype":"number","min":53.3050620393214,"max":428.7812671326754},"20":{"dtype":"number","min":128.77192387571577,"max":389.94839019477945},"21":{"dtype":"number","min":38.218861481367256,"max":441.50503415113303},"22":{"dtype":"number","min":199.86232863532172,"max":407.32280411450716},"23":{"dtype":"number","min":292.0865427355552,"max":418.99399671870594},"24":{"dtype":"number","min":206.7473883377878,"max":395.43147393834516},"25":{"dtype":"number","min":285.69183587563197,"max":383.62644188120584},"26":{"dtype":"number","min":211.81324860273511,"max":401.4610419914736},"27":{"dtype":"number","min":402.6149706626728,"max":538.0133504291259},"28":{"dtype":"number","min":217.54358020209892,"max":372.8826654445358},"29":{"dtype":"number","min":333.32865754066154,"max":539.0518459334941},"30":{"dtype":"number","min":203.57865867094222,"max":396.9905154282122},"31":{"dtype":"number","min":497.60943154377776,"max":559.5621190061811},"32":{"dtype":"number","min":195.12676276193957,"max":371.8808042886894},"33":{"dtype":"number","min":416.9723375405949,"max":557.7039923119498}},"outputs":{"0":{"dtype":"string","min":0,"max":1,"uniqueValues":["i","l","e","y"],"legend":{"i":[1,0,0,0],"l":[0,1,0,0],"e":[0,0,1,0],"y":[0,0,0,1]}}},"isNormalized":true}